{"cameraMode":{"drawMode":0,"name":"Shaded","section":"Shading Mode"},"sceneLighting":false,"audioPlay":false,"sceneViewState":{"m_AlwaysRefresh":false,"showFog":true,"showSkybox":false,"showFlares":true,"showImageEffects":true,"showParticleSystems":true,"showVisualEffectGraphs":true,"m_FxEnabled":true},"in2DMode":false,"pivot":{"x":12.757593154907227,"y":1.1339313983917237,"z":9.151464462280274},"rotation":{"x":-0.0009398475522175431,"y":0.9984996914863586,"z":-0.05277743935585022,"w":-0.017044194042682649},"size":5.652597904205322,"orthographic":false}