{"cameraMode":{"drawMode":0,"name":"Shaded","section":"Shading Mode"},"sceneLighting":false,"audioPlay":false,"sceneViewState":{"m_AlwaysRefresh":false,"showFog":true,"showSkybox":false,"showFlares":true,"showImageEffects":true,"showParticleSystems":true,"showVisualEffectGraphs":true,"m_FxEnabled":true},"in2DMode":false,"pivot":{"x":0.7183305621147156,"y":2.0562355518341066,"z":0.5565556883811951},"rotation":{"x":-0.13787685334682465,"y":0.707361102104187,"z":-0.14380459487438203,"w":-0.6782423853874207},"size":0.4330126941204071,"orthographic":false}