{"cameraMode":{"drawMode":0,"name":"Shaded","section":"Shading Mode"},"sceneLighting":true,"audioPlay":false,"sceneViewState":{"m_AlwaysRefresh":false,"showFog":true,"showSkybox":true,"showFlares":true,"showImageEffects":true,"showParticleSystems":true,"showVisualEffectGraphs":true,"m_FxEnabled":true},"in2DMode":false,"pivot":{"x":0.028243064880371095,"y":1.8386820554733277,"z":0.04974508285522461},"rotation":{"x":-0.06359227746725083,"y":0.7118458151817322,"z":-0.06499969214200974,"w":-0.6964256763458252},"size":7.207428932189941,"orthographic":false}