{"cameraMode":{"drawMode":0,"name":"Shaded","section":"Shading Mode"},"sceneLighting":true,"audioPlay":false,"sceneViewState":{"m_AlwaysRefresh":false,"showFog":true,"showSkybox":true,"showFlares":true,"showImageEffects":true,"showParticleSystems":true,"showVisualEffectGraphs":true,"m_FxEnabled":true},"in2DMode":false,"pivot":{"x":234.68763732910157,"y":-108.75296020507813,"z":390.2949523925781},"rotation":{"x":-0.009659755043685437,"y":0.9390149116516113,"z":-0.02634030021727085,"w":-0.3428407311439514},"size":219.72442626953126,"orthographic":false}