{"cameraMode":{"drawMode":0,"name":"Shaded","section":"Shading Mode"},"sceneLighting":true,"audioPlay":false,"sceneViewState":{"m_AlwaysRefresh":false,"showFog":true,"showSkybox":true,"showFlares":true,"showImageEffects":true,"showParticleSystems":true,"showVisualEffectGraphs":true,"m_FxEnabled":true},"in2DMode":false,"pivot":{"x":1.6699999570846558,"y":1.2313566207885743,"z":0.021858572959899904},"rotation":{"x":0.20334753394126893,"y":-0.5738270878791809,"z":0.14977459609508515,"w":0.7791069746017456},"size":4.691080570220947,"orthographic":false}