{"cameraMode":{"drawMode":0,"name":"Shaded","section":"Shading Mode"},"sceneLighting":true,"audioPlay":false,"sceneViewState":{"m_AlwaysRefresh":false,"showFog":true,"showSkybox":true,"showFlares":true,"showImageEffects":true,"showParticleSystems":true,"showVisualEffectGraphs":true,"m_FxEnabled":true},"in2DMode":false,"pivot":{"x":2.089242935180664,"y":2.0005927085876467,"z":4.415389060974121},"rotation":{"x":0.25799450278282168,"y":0.5672199130058289,"z":-0.19303734600543977,"w":0.7579694390296936},"size":1.2869962453842164,"orthographic":false}