{"cameraMode":{"drawMode":0,"name":"Shaded","section":"Shading Mode"},"sceneLighting":true,"audioPlay":false,"sceneViewState":{"m_AlwaysRefresh":false,"showFog":true,"showSkybox":true,"showFlares":true,"showImageEffects":true,"showParticleSystems":true,"showVisualEffectGraphs":true,"m_FxEnabled":true},"in2DMode":false,"pivot":{"x":-25.23261070251465,"y":4.684750080108643,"z":-10.917898178100586},"rotation":{"x":0.14960354566574098,"y":-0.00817496795207262,"z":0.0013518219348043204,"w":0.9888126850128174},"size":6.611595153808594,"orthographic":false}