{"cameraMode":{"drawMode":0,"name":"Shaded","section":"Shading Mode"},"sceneLighting":true,"audioPlay":false,"sceneViewState":{"m_AlwaysRefresh":false,"showFog":true,"showSkybox":true,"showFlares":true,"showImageEffects":true,"showParticleSystems":true,"showVisualEffectGraphs":true,"m_FxEnabled":true},"in2DMode":false,"pivot":{"x":11.500885963439942,"y":1.7699999809265137,"z":5.449970245361328},"rotation":{"x":0.04011910781264305,"y":-0.8295062780380249,"z":0.060085322707891467,"w":0.5538734197616577},"size":2.258380889892578,"orthographic":false}